ID,URL
1839,http://american-comfort.local/wp-content/uploads/2026/02/winder-hvac-services-4.jpg
1838,http://american-comfort.local/wp-content/uploads/2026/02/winder-hvac-services-3.webp
1837,http://american-comfort.local/wp-content/uploads/2026/02/winder-hvac-services-2.jpg
1836,http://american-comfort.local/wp-content/uploads/2026/02/winder-hvac-services-1.webp
1835,http://american-comfort.local/wp-content/uploads/2026/02/water-heaters-6.jpg
1834,http://american-comfort.local/wp-content/uploads/2026/02/water-heaters-5.webp
1833,http://american-comfort.local/wp-content/uploads/2026/02/water-heaters-4.jpg
1832,http://american-comfort.local/wp-content/uploads/2026/02/water-heaters-3.webp
1831,http://american-comfort.local/wp-content/uploads/2026/02/water-heaters-2.jpg
1830,http://american-comfort.local/wp-content/uploads/2026/02/water-heaters-1.webp
1829,http://american-comfort.local/wp-content/uploads/2026/02/tune-up-1.png
1828,http://american-comfort.local/wp-content/uploads/2026/02/suwanee-hvac-services-4.jpg
1827,http://american-comfort.local/wp-content/uploads/2026/02/suwanee-hvac-services-3.webp
1826,http://american-comfort.local/wp-content/uploads/2026/02/suwanee-hvac-services-2.jpg
1825,http://american-comfort.local/wp-content/uploads/2026/02/suwanee-hvac-services-1.webp
1824,http://american-comfort.local/wp-content/uploads/2026/02/service-areas-11.png
1823,http://american-comfort.local/wp-content/uploads/2026/02/service-areas-1.png
1822,http://american-comfort.local/wp-content/uploads/2026/02/residential-6.jpg
1821,http://american-comfort.local/wp-content/uploads/2026/02/residential-5.webp
1820,http://american-comfort.local/wp-content/uploads/2026/02/residential-4.jpg
1819,http://american-comfort.local/wp-content/uploads/2026/02/residential-3.webp
1818,http://american-comfort.local/wp-content/uploads/2026/02/residential-2.jpg
1817,http://american-comfort.local/wp-content/uploads/2026/02/residential-1.webp
1816,http://american-comfort.local/wp-content/uploads/2026/02/maintenance-benefits-4.jpg
1815,http://american-comfort.local/wp-content/uploads/2026/02/maintenance-benefits-3.webp
1814,http://american-comfort.local/wp-content/uploads/2026/02/maintenance-benefits-2.jpg
1813,http://american-comfort.local/wp-content/uploads/2026/02/maintenance-benefits-1.webp
1812,http://american-comfort.local/wp-content/uploads/2026/02/lawrenceville-hvac-services-4.jpg
1811,http://american-comfort.local/wp-content/uploads/2026/02/lawrenceville-hvac-services-3.webp
1810,http://american-comfort.local/wp-content/uploads/2026/02/lawrenceville-hvac-services-2.jpg
1809,http://american-comfort.local/wp-content/uploads/2026/02/lawrenceville-hvac-services-1.webp
1808,http://american-comfort.local/wp-content/uploads/2026/02/johns-creek-ga-hvac-4.jpg
1807,http://american-comfort.local/wp-content/uploads/2026/02/johns-creek-ga-hvac-3.webp
1806,http://american-comfort.local/wp-content/uploads/2026/02/johns-creek-ga-hvac-2.jpg
1805,http://american-comfort.local/wp-content/uploads/2026/02/johns-creek-ga-hvac-1.webp
1804,http://american-comfort.local/wp-content/uploads/2026/02/indoor-air-quality-4.jpg
1803,http://american-comfort.local/wp-content/uploads/2026/02/indoor-air-quality-3.webp
1802,http://american-comfort.local/wp-content/uploads/2026/02/indoor-air-quality-2.jpg
1801,http://american-comfort.local/wp-content/uploads/2026/02/indoor-air-quality-1.webp
1800,http://american-comfort.local/wp-content/uploads/2026/02/heating-4.jpg
1799,http://american-comfort.local/wp-content/uploads/2026/02/heating-3.webp
1798,http://american-comfort.local/wp-content/uploads/2026/02/heating-2.jpg
1797,http://american-comfort.local/wp-content/uploads/2026/02/heating-1.webp
1796,http://american-comfort.local/wp-content/uploads/2026/02/healthy-hereos-1.png
1795,http://american-comfort.local/wp-content/uploads/2026/02/gainesville-hvac-services-4.jpg
1794,http://american-comfort.local/wp-content/uploads/2026/02/gainesville-hvac-services-3.webp
1793,http://american-comfort.local/wp-content/uploads/2026/02/gainesville-hvac-services-2.jpg
1792,http://american-comfort.local/wp-content/uploads/2026/02/gainesville-hvac-services-1.webp
1791,http://american-comfort.local/wp-content/uploads/2026/02/cumming-hvac-services-4.jpg
1790,http://american-comfort.local/wp-content/uploads/2026/02/cumming-hvac-services-3.webp
1789,http://american-comfort.local/wp-content/uploads/2026/02/cumming-hvac-services-2.jpg
1788,http://american-comfort.local/wp-content/uploads/2026/02/cumming-hvac-services-1.webp
1787,http://american-comfort.local/wp-content/uploads/2026/02/commercial-4.jpg
1786,http://american-comfort.local/wp-content/uploads/2026/02/commercial-3.webp
1785,http://american-comfort.local/wp-content/uploads/2026/02/commercial-2.jpg
1784,http://american-comfort.local/wp-content/uploads/2026/02/commercial-1.webp
1783,http://american-comfort.local/wp-content/uploads/2026/02/buford-hvac-services-4.jpg
1782,http://american-comfort.local/wp-content/uploads/2026/02/buford-hvac-services-3.webp
1781,http://american-comfort.local/wp-content/uploads/2026/02/buford-hvac-services-2.jpg
1780,http://american-comfort.local/wp-content/uploads/2026/02/buford-hvac-services-1.webp
1779,http://american-comfort.local/wp-content/uploads/2026/02/athens-hvac-services-4.jpg
1778,http://american-comfort.local/wp-content/uploads/2026/02/athens-hvac-services-3.webp
1777,http://american-comfort.local/wp-content/uploads/2026/02/athens-hvac-services-2.jpg
1776,http://american-comfort.local/wp-content/uploads/2026/02/athens-hvac-services-1.webp
1775,http://american-comfort.local/wp-content/uploads/2026/02/alpharetta-hvac-services-4.jpg
1774,http://american-comfort.local/wp-content/uploads/2026/02/alpharetta-hvac-services-3.webp
1773,http://american-comfort.local/wp-content/uploads/2026/02/alpharetta-hvac-services-2.jpg
1772,http://american-comfort.local/wp-content/uploads/2026/02/alpharetta-hvac-services-1.webp
1771,http://american-comfort.local/wp-content/uploads/2026/02/air-conditioning-4.jpg
1770,http://american-comfort.local/wp-content/uploads/2026/02/air-conditioning-3.webp
1769,http://american-comfort.local/wp-content/uploads/2026/02/air-conditioning-2.jpg
1768,http://american-comfort.local/wp-content/uploads/2026/02/air-conditioning-1.webp
1767,http://american-comfort.local/wp-content/uploads/2026/02/affiliations-12.png
1766,http://american-comfort.local/wp-content/uploads/2026/02/affiliations-11.png
1765,http://american-comfort.local/wp-content/uploads/2026/02/affiliations-10.png
1764,http://american-comfort.local/wp-content/uploads/2026/02/affiliations-9.png
1763,http://american-comfort.local/wp-content/uploads/2026/02/affiliations-8.png
1762,http://american-comfort.local/wp-content/uploads/2026/02/affiliations-7.png
1761,http://american-comfort.local/wp-content/uploads/2026/02/affiliations-6.png
1760,http://american-comfort.local/wp-content/uploads/2026/02/affiliations-5.png
1759,http://american-comfort.local/wp-content/uploads/2026/02/affiliations-4.png
1758,http://american-comfort.local/wp-content/uploads/2026/02/affiliations-3.png
1757,http://american-comfort.local/wp-content/uploads/2026/02/affiliations-2.png
1756,http://american-comfort.local/wp-content/uploads/2026/02/affiliations-1.jpg
1715,http://american-comfort.local/wp-content/uploads/2026/02/trimmed-overview.mp4
1599,http://american-comfort.local/wp-content/uploads/2026/02/sawnee.webp
1597,http://american-comfort.local/wp-content/uploads/2026/02/cobb-emc.webp
1596,http://american-comfort.local/wp-content/uploads/2026/02/jackson.webp
1595,http://american-comfort.local/wp-content/uploads/2026/02/walton.webp
1594,http://american-comfort.local/wp-content/uploads/2026/02/habersham.webp
1593,http://american-comfort.local/wp-content/uploads/2026/02/rheem.webp
1592,http://american-comfort.local/wp-content/uploads/2026/02/georgia-power.webp
1584,http://american-comfort.local/wp-content/uploads/2026/02/bbb.webp
1583,http://american-comfort.local/wp-content/uploads/2026/02/nate.webp
1582,http://american-comfort.local/wp-content/uploads/2026/02/earthcraft.webp
1581,http://american-comfort.local/wp-content/uploads/2026/02/energy-star-1.webp
1580,http://american-comfort.local/wp-content/uploads/2026/02/epa.webp
1579,http://american-comfort.local/wp-content/uploads/2026/02/energy-star.webp
1550,http://american-comfort.local/wp-content/uploads/2026/02/image-van.webp
1549,http://american-comfort.local/wp-content/uploads/2026/02/image-service-area.webp
1529,http://american-comfort.local/wp-content/uploads/2026/02/image-mc-water-heaters.webp
1511,http://american-comfort.local/wp-content/uploads/2026/02/image-mc-iaq.webp
1469,http://american-comfort.local/wp-content/uploads/2026/02/image-mc-commercial-1.webp
1421,http://american-comfort.local/wp-content/uploads/2026/02/image-mc-ac.webp
1420,http://american-comfort.local/wp-content/uploads/2026/02/image-mc-heating.webp
1416,http://american-comfort.local/wp-content/uploads/2026/02/image-mc-commercial.webp
1378,http://american-comfort.local/wp-content/uploads/2026/02/american-flag.webp
1377,http://american-comfort.local/wp-content/uploads/2026/02/bg-maintenance-1.webp
1331,http://american-comfort.local/wp-content/uploads/2026/02/bg-maintenance.webp
1279,http://american-comfort.local/wp-content/uploads/2026/02/American-Comfort-63.jpg
1277,http://american-comfort.local/wp-content/uploads/2026/02/American-Comfort-61.jpg
1276,http://american-comfort.local/wp-content/uploads/2026/02/American-Comfort-24-scaled.jpg
1275,http://american-comfort.local/wp-content/uploads/2026/02/American-Comfort-4-scaled.jpg
1274,http://american-comfort.local/wp-content/uploads/2026/02/American-Comfort-31-scaled.jpg
1263,http://american-comfort.local/wp-content/uploads/2026/02/American-Comfort-50.jpg
1262,http://american-comfort.local/wp-content/uploads/2026/02/American-Comfort-43.jpg
1260,http://american-comfort.local/wp-content/uploads/2026/02/American-Comfort-46.jpg
1225,http://american-comfort.local/wp-content/uploads/2026/02/American-Comfort-33-scaled.jpg
1183,http://american-comfort.local/wp-content/uploads/2026/02/Timeline-1.mp4
1180,http://american-comfort.local/wp-content/uploads/2026/02/Brand-Overview-v1.mp4
1077,http://american-comfort.local/wp-content/uploads/2026/01/logo-1.png
18,http://american-comfort.local/wp-content/uploads/2026/01/logo.png
